alcaldia_id,tiempo_id,fuente_datos_id,n_registros_sociales,factor_sum,mmip_wmean,rei_wmean,nbi_wmean,ccevj_wmean,cbdj_wmean,csj_wmean,ctelj_wmean,cenj_wmean,ett_wmean,casi_wmean,cassi_wmean,cyt_wmean
2,201600,1,397,659539.0,-0.016351231071553,-0.0950120654133675,-0.0205409783058075,-0.0859893559518557,-0.4496209053687394,0.0676438634422285,-0.3076072832690713,0.0,0.9784258141660614,0.0834918411369502,0.3609589425341034,-0.0138480910024926
1,201600,1,245,393527.0,-0.0063737778446002,-0.0692602952394854,-0.0184149550037837,-0.0831500560109446,-0.4571621001911686,0.0878106838920836,-0.2883182094240039,0.0050334535651988,1.0004315042099576,0.0971846437685139,0.3054917451661512,0.0008201518308095
3,201600,1,242,525216.0,-0.3209875908940741,-0.2494389902814537,-0.212123454441424,-0.3256148709742411,-0.7089013397855797,0.0208985445987936,-0.4436774584171084,0.0,0.962998408772071,-0.1509822096789892,0.2018598062511424,-0.3860278258380913
4,201600,1,277,459883.0,0.0107566218390764,-0.0816898612037431,0.029540443983835,0.0080960739483498,-0.3041034977147383,0.129662794262906,-0.3146800381836249,0.0,0.9642092272926048,0.102277941202732,0.3814296244914467,-0.0004656620265045
5,201600,1,169,216080.0,0.0977523502544428,0.0095505837050166,0.1168355791342743,0.20066457601306,-0.2250122220191873,0.2251223101558681,-0.1800606256941873,0.0091799328072195,1.0316188959947936,0.1290881747826777,0.2852554609403924,0.086351188101629
6,201600,1,589,951496.0,-0.0350684865380726,-0.1301293475289617,-0.074666017818696,-0.1983672927268469,-0.3492887808332258,0.0219461114626104,-0.392482995199139,0.0003073055298771,1.0777357599230852,0.0422108819534512,0.3275531373752491,-0.011411174843642
7,201600,1,672,1016468.0,0.1135036584583872,-0.0262613340059352,0.0516085537958292,-0.0006895171060377,-0.326944712296088,0.1145924515032386,-0.2745192175257853,0.0009342152856991,1.0409569827954577,0.1612934335578149,0.4108951290153748,0.1504825221693048
8,201600,1,286,458083.0,0.072059934975476,-0.0998460623567781,0.0343470686527834,0.0171395410751523,-0.4091352809748364,0.1065491224238227,-0.3245132432332132,0.0061124290401521,1.106484704702842,0.1622118842496163,0.4147545313840505,0.0945912646452651
9,201600,1,1080,1667333.0,0.1874461190501405,0.0097222108740689,0.1348736711011279,0.1338847889226681,-0.2995213141565182,0.247083352434152,-0.225090009014396,0.0011407438621319,1.0417328341375178,0.1934178390576849,0.5388502176829704,0.218855217978423
10,201600,1,81,133845.0,0.01861352328208,-0.0917418136580746,0.0236226100316634,0.0431347753942918,-0.4543306979969367,0.1313049608133886,-0.2759834136501177,0.0,0.8749030364982255,0.0519060039651611,0.3784676304680787,0.0156208754934065
11,201600,1,179,322176.0,-0.2251225637192093,-0.1535872209502135,-0.1627988084483729,-0.321858267927223,-0.5161272310452237,0.0207613614784776,-0.3316727502979738,0.0,0.99722440056715,-0.0860626882346791,0.2142229712951927,-0.2623575200243935
12,201600,1,71,69667.0,0.3941811223148406,0.0728373613558787,0.3212504682678886,0.3297833669929235,0.0172176410011052,0.5619054328477618,0.0422007550203109,0.0,1.1996798360819612,0.3326436873342615,0.8888175176195329,0.4377531094604331
13,201600,1,264,400974.0,0.2071078494417568,-0.0110397868380493,0.0988593248585993,0.0153980130943352,-0.339329753193005,0.2618596930424142,-0.2254846947682393,0.0,1.001841796968913,0.3067564050012868,0.4930388254600049,0.2717802897294313
14,201600,1,485,802884.0,0.0407224868560016,-0.0432366414226476,0.055168799517609,0.0389971258342189,-0.4153236961295866,0.3749276430012579,-0.2931774702198574,0.0022521309323737,0.92712830794002,0.0734359185478462,0.4320786066231236,0.0320916231422708
15,201600,1,376,592557.0,0.1037877886486295,-0.0550950196801185,0.0343347015373153,0.0279281057642977,-0.2920061386580819,0.0733078841269447,-0.2949420899592782,0.0022377592711587,1.1087929821957534,0.1050572685550369,0.327354583609678,0.1452821242356971
16,201600,1,301,450821.0,0.1441119107705098,-0.0198498154486703,0.1147294931653294,0.111887460530461,-0.3166037414381827,0.3783591140113193,-0.2099003817479665,0.0008309284117731,0.9856991326510988,0.1557246331395742,0.5040099063708212,0.1616662625425501
2,201800,1,487,653657.0,-0.0827145176652403,-0.1019147444639421,-0.0811116637948847,-0.1826116347386152,-0.4711860676699843,0.0627258636927379,-0.3480449226429151,0.0015506602685873,0.9159450348961962,0.0131560271372447,0.2571103805206706,-0.0836721329031984
1,201800,1,272,439360.0,0.0055296686886152,-0.1165218090137472,-0.0459391897002298,-0.1504377789629233,-0.4346155258718909,0.0521908567318281,-0.3198959850691915,0.0,1.0256008038746132,0.1313033061691255,0.3194180171158048,0.0362794334832916
3,201800,1,259,499073.0,-0.3224630839944777,-0.215911994958511,-0.1751594117579993,-0.2609223570092431,-0.6397185236333903,0.0153449497600551,-0.4535839446333502,0.0,1.0528414318281991,-0.1618770677199708,0.2433030839175832,-0.4104687918285781
4,201800,1,384,654098.0,-0.0339971022557262,-0.1514078360088717,-0.0440240489419582,-0.1190567220658311,-0.4192225016673067,0.0911963754269513,-0.3438192747875701,0.0,0.8088613066452458,0.0746425850811208,0.3636190601408351,-0.0280065622801705
5,201800,1,192,162203.0,0.1686241908452001,0.003069583038236,0.1032156434911129,0.1022436754071195,-0.3000289739437864,0.325084634643157,-0.2337410528781835,0.0,1.1041909379312096,0.2268710750006164,0.3479775343242727,0.2077021401202567
6,201800,1,290,470171.0,-0.0435536346125303,-0.1321480939754366,-0.0500718319032692,-0.1669558028471279,-0.2897253546377105,0.0323227256452439,-0.3117738014467077,0.0,1.0449127087752796,0.0896666413180247,0.3402836414836304,-0.0396593773393871
7,201800,1,797,1150934.0,0.0902716755295612,-0.0823399787667998,0.0163334733028192,-0.0184786916416962,-0.4339617380762658,0.0594586294362822,-0.2994715596202736,0.0028583739837488,1.0472418555076433,0.1244265224922706,0.3964260765604283,0.1344456161618659
8,201800,1,182,267371.0,0.1458148603362182,-0.0740284829511053,0.039963368139297,0.0039781592742481,-0.3879675962266925,0.1169805264435858,-0.3747302437437119,0.0008819205742283,0.9836433557369384,0.1560058929550512,0.4483779093469374,0.2090552087501561
9,201800,1,1279,1983553.0,0.225587968247893,-0.0042110858712124,0.1236453781302687,0.0820530192330681,-0.2757320642756014,0.2664482417576424,-0.2602249599582164,0.0008939513557782,0.959893263017736,0.2843693059969126,0.5046158333051852,0.2864929666606811
10,201800,1,145,206360.0,0.0846390364448585,0.0036287978824529,0.0398021185711378,-0.0007110333833882,-0.4751055913180752,0.2044140474969374,-0.3235026167861988,0.0,1.0451646817796665,0.0801352356648575,0.4066267687536344,0.1114265875257317
11,201800,1,199,358973.0,-0.06574630028669,-0.1644119568322325,-0.1090803395544651,-0.294335105308792,-0.434001278705365,0.0601323069300086,-0.3889693653840261,0.0,1.088834551200235,0.0954404371995358,0.3348002496009449,-0.0398566349938742
12,201800,1,893,82192.0,0.2813268665229827,0.0482699524919213,0.1685847569843659,0.1451931484390938,-0.2861040493542924,0.4589559109320494,-0.2841334923106872,0.0030489583787229,0.992903211600387,0.3465220383790149,0.4847217490753358,0.3486839726056793
13,201800,1,511,691795.0,0.1367961005048244,-0.0182913728385938,0.0780964242516135,0.06119880117624,-0.4029360318342587,0.2597911265437839,-0.2579658713925368,0.0031121934544482,1.039482603036839,0.1366135636519836,0.4552580605526203,0.171865876051044
14,201800,1,707,702887.0,0.1229040601566339,-0.0344503727548098,0.0889603207228914,0.0696109820978962,-0.3457449172025347,0.3260595381000004,-0.2073846863009274,0.0007904541792123,0.9669397720539772,0.204420000420803,0.4206444279094648,0.1431835447407961
15,201800,1,258,379746.0,0.1676923101726865,-0.0337191179345483,0.0780714155835901,0.0448194018281061,-0.294904398403467,0.0913848776803758,-0.3102191991489048,0.0,1.0147261088822688,0.2208643774833256,0.4459777061509535,0.2212357834273856
16,201800,1,607,493889.0,0.166777117980939,0.0107126031428134,0.1688921809040817,0.1968062097591564,-0.0986742398012812,0.4162734626798309,-0.2016181773637396,0.0001257367491966,1.0410842089776104,0.2111719071861531,0.4826626023256237,0.1655134849275829
2,202000,1,740,901301.0,0.181647608187155,-0.0278682061752999,0.0628142642188747,0.0149125708938212,-0.3974675302832683,0.0947846950523942,-0.3317981451257682,0.0,0.896784140363743,0.2246891048377201,0.4396208924654471,0.2526438875769792
1,202000,1,359,469607.0,-0.0268266670138988,-0.0967694225071879,-0.0446411460390645,-0.113763975002008,-0.4809331539526518,0.0909232617272144,-0.3826784949968804,0.0,0.833162495765142,0.0871086941968284,0.2769997040078193,-0.0161835128462906
3,202000,1,247,338081.0,-0.070649170523129,-0.2182906574451921,-0.1536688659187147,-0.317118779707437,-0.5827342323264249,0.0375841884257441,-0.4140901144991881,0.0,0.8341722869714919,0.0500473763198701,0.2799410496301182,-0.0210495447990481
4,202000,1,532,755029.0,0.0134547212988719,-0.1122035031790712,-0.0351113454059618,-0.128355061474795,-0.5640319173205957,0.1226877375030866,-0.4025428162361975,0.0,0.7605124240477016,0.1542976536768641,0.3666905509589698,0.0424702300481438
5,202000,1,325,235933.0,0.0244169105618289,-0.0912665143711519,-0.0302131430799167,-0.0580808954397901,-0.5633576215152141,0.1008948699918493,-0.4023472765573277,0.0001118961672,0.9399344148334188,0.0789152069498077,0.2842311164610291,0.0570553151711079
6,202000,1,387,479898.0,0.061913398636779,-0.1007965567201592,0.0022678382523432,-0.1183377871499214,-0.3452220129669096,0.0554560548703974,-0.3310974415396605,0.0,0.919884900473092,0.2351882400678727,0.4204622648979574,0.097548286671428
7,202000,1,867,1172630.0,0.0673117112476979,-0.0785654518478283,-0.0063477511374295,-0.0969400611013218,-0.3988227958673614,0.0711214457316314,-0.3325537467061221,0.0001756734755549,0.8710254277985476,0.1793692434935742,0.3468636739636543,0.1113191217304247
8,202000,1,300,396562.0,0.1134008845267095,-0.025120502140727,0.0747646855751156,0.0106398409679898,-0.3276915974245288,0.0634838310850157,-0.3080451480474679,0.0,0.8400847361545862,0.2731549307630156,0.4554798493047745,0.1364838530248032
9,202000,1,1186,1571065.0,0.16323537755483,-0.0151389177948824,0.095236965464131,0.0684428744426595,-0.3369612241226594,0.1822630298589084,-0.3113050701275886,0.0008137154880899,0.9611454701792732,0.258303838330185,0.4376458007784528,0.2038606263900799
10,202000,1,389,379009.0,0.205989877375751,-0.0046112502303296,0.1103887948915197,0.147467525227918,-0.2908303689185639,0.2483317706687387,-0.3073396673957611,6.965533382056891e-05,0.9150096093269844,0.2038139303009823,0.3615982733919247,0.2631061788731719
11,202000,1,297,388736.0,-0.0288048147804216,-0.1060185682486263,-0.0294464571446997,-0.0656449635243224,-0.486894006607582,0.0411659196008396,-0.4149679988475469,0.0,0.8350680117384035,0.08615468161062,0.3115218297250576,-0.0284214694284244
12,202000,1,1008,200431.0,0.2363130303458946,0.0027184174207432,0.1561447855242652,0.1088823352049882,-0.2321038287574776,0.3725342722030524,-0.2785522199659733,0.0047846887081339,1.0516259516720916,0.3258426485919793,0.5765650024197854,0.2842090741630685
13,202000,1,317,247103.0,0.1784126634175506,-0.0425854595074038,0.0868057356740509,0.0347549660220434,-0.336252141177776,0.2856182097823215,-0.2433641032282084,0.0014924949428861,0.8511481354673032,0.2909628204497315,0.4274128602242789,0.2331426817968741
14,202000,1,1068,833606.0,0.1076913169093,-0.0228958592116527,0.0744014928850968,0.0629020524878503,-0.3971052384831371,0.3744816226115766,-0.3513068523978954,0.0004882402184965,0.9301081305027016,0.1669403741405916,0.3904791352269537,0.1275801248339575
15,202000,1,366,483273.0,0.0734788181049117,-0.0391005579932232,0.0239487446274031,-0.0204386682255557,-0.3189911520302914,0.0765803431679878,-0.3573652987028036,0.0,0.934724554813358,0.1428295596561343,0.3255049423410784,0.103070268495668
16,202000,1,655,388380.0,0.1651634801933827,-0.0814551754278927,0.0335555254439569,-0.0412376224351253,-0.4648883474023687,0.1942403831602528,-0.3624736083217467,0.0013991450863999,0.9196647323492764,0.2484048906224444,0.4365177146094031,0.243791875073719
