alcaldia_key,alcaldia_nombre,alcaldia_id,anio,tiempo_id,n_registros_sociales,factor_sum,mmip_wmean,rei_wmean,nbi_wmean,ccevj_wmean,cbdj_wmean,csj_wmean,ctelj_wmean,cenj_wmean,ett_wmean,casi_wmean,cassi_wmean,cyt_wmean
ALVARO OBREGON,Alvaro Obregon,2,2016,201600,397,659539.0,-0.016351231071553014,-0.09501206541336751,-0.02054097830580754,-0.08598935595185576,-0.4496209053687394,0.06764386344222859,-0.3076072832690713,0.0,0.9784258141660614,0.0834918411369502,0.3609589425341034,-0.013848091002492645
AZCAPOTZALCO,Azcapotzalco,1,2016,201600,245,393527.0,-0.006373777844600237,-0.06926029523948547,-0.01841495500378373,-0.0831500560109446,-0.45716210019116865,0.08781068389208364,-0.28831820942400394,0.00503345356519883,1.0004315042099576,0.09718464376851396,0.30549174516615124,0.0008201518308095634
BENITO JUAREZ,Benito Juarez,3,2016,201600,242,525216.0,-0.3209875908940741,-0.24943899028145375,-0.21212345444142408,-0.3256148709742411,-0.7089013397855797,0.020898544598793638,-0.4436774584171084,0.0,0.962998408772071,-0.1509822096789892,0.2018598062511424,-0.38602782583809137
COYOACAN,Coyoacan,4,2016,201600,277,459883.0,0.010756621839076472,-0.08168986120374314,0.029540443983835016,0.008096073948349889,-0.3041034977147383,0.129662794262906,-0.31468003818362494,0.0,0.9642092272926049,0.10227794120273201,0.38142962449144674,-0.0004656620265045651
CUAJIMALPA DE MORELOS,Cuajimalpa De Morelos,5,2016,201600,169,216080.0,0.0977523502544428,0.009550583705016661,0.11683557913427434,0.20066457601306,-0.22501222201918733,0.22512231015586817,-0.18006062569418735,0.009179932807219548,1.0316188959947936,0.1290881747826777,0.28525546094039245,0.08635118810162905
CUAUHTEMOC,Cuauhtemoc,6,2016,201600,589,951496.0,-0.03506848653807267,-0.13012934752896177,-0.07466601781869603,-0.19836729272684697,-0.3492887808332258,0.021946111462610458,-0.39248299519913904,0.00030730552987716185,1.0777357599230852,0.0422108819534512,0.3275531373752491,-0.011411174843642012
GUSTAVO A MADERO,Gustavo A Madero,7,2016,201600,672,1016468.0,0.11350365845838727,-0.02626133400593526,0.05160855379582929,-0.0006895171060377627,-0.326944712296088,0.11459245150323868,-0.27451921752578534,0.000934215285699107,1.0409569827954577,0.16129343355781492,0.4108951290153748,0.15048252216930488
IZTACALCO,Iztacalco,8,2016,201600,286,458083.0,0.07205993497547605,-0.09984606235677816,0.03434706865278345,0.017139541075152316,-0.4091352809748364,0.10654912242382275,-0.3245132432332132,0.0061124290401521125,1.106484704702842,0.16221188424961633,0.4147545313840505,0.09459126464526514
IZTAPALAPA,Iztapalapa,9,2016,201600,1080,1667333.0,0.18744611905014052,0.009722210874068946,0.13487367110112797,0.1338847889226681,-0.2995213141565182,0.247083352434152,-0.22509000901439605,0.0011407438621319197,1.0417328341375178,0.19341783905768492,0.5388502176829704,0.21885521797842303
LA MAGDALENA CONTRERAS,La Magdalena Contreras,10,2016,201600,81,133845.0,0.018613523282080026,-0.09174181365807463,0.02362261003166349,0.04313477539429189,-0.45433069799693676,0.1313049608133886,-0.2759834136501177,0.0,0.8749030364982255,0.051906003965161186,0.37846763046807874,0.015620875493406551
MIGUEL HIDALGO,Miguel Hidalgo,11,2016,201600,179,322176.0,-0.22512256371920936,-0.15358722095021357,-0.16279880844837294,-0.321858267927223,-0.5161272310452237,0.0207613614784776,-0.3316727502979738,0.0,0.9972244005671499,-0.08606268823467918,0.2142229712951927,-0.2623575200243935
MILPA ALTA,Milpa Alta,12,2016,201600,71,69667.0,0.39418112231484065,0.0728373613558787,0.32125046826788867,0.32978336699292354,0.017217641001105222,0.5619054328477618,0.042200755020310905,0.0,1.1996798360819612,0.33264368733426153,0.8888175176195329,0.4377531094604331
TLAHUAC,Tlahuac,13,2016,201600,264,400974.0,0.2071078494417568,-0.011039786838049353,0.0988593248585993,0.015398013094335299,-0.339329753193005,0.26185969304241424,-0.22548469476823935,0.0,1.001841796968913,0.30675640500128687,0.4930388254600049,0.27178028972943136
TLALPAN,Tlalpan,14,2016,201600,485,802884.0,0.04072248685600162,-0.04323664142264761,0.05516879951760901,0.03899712583421891,-0.4153236961295866,0.37492764300125797,-0.2931774702198574,0.002252130932373792,0.92712830794002,0.07343591854784626,0.43207860662312364,0.032091623142270875
VENUSTIANO CARRANZA,Venustiano Carranza,15,2016,201600,376,592557.0,0.10378778864862959,-0.05509501968011854,0.03433470153731539,0.027928105764297783,-0.2920061386580819,0.07330788412694475,-0.2949420899592782,0.002237759271158724,1.1087929821957534,0.10505726855503691,0.32735458360967806,0.14528212423569717
XOCHIMILCO,Xochimilco,16,2016,201600,301,450821.0,0.1441119107705098,-0.019849815448670313,0.11472949316532949,0.11188746053046107,-0.31660374143818276,0.3783591140113193,-0.2099003817479665,0.0008309284117731871,0.9856991326510987,0.15572463313957424,0.5040099063708212,0.16166626254255015
ALVARO OBREGON,Alvaro Obregon,2,2018,201800,487,653657.0,-0.08271451766524034,-0.1019147444639421,-0.08111166379488477,-0.1826116347386152,-0.47118606766998433,0.06272586369273794,-0.34804492264291514,0.0015506602685873476,0.9159450348961962,0.013156027137244768,0.25711038052067064,-0.08367213290319847
AZCAPOTZALCO,Azcapotzalco,1,2018,201800,272,439360.0,0.0055296686886152574,-0.11652180901374729,-0.04593918970022988,-0.15043777896292335,-0.43461552587189095,0.05219085673182812,-0.31989598506919154,0.0,1.0256008038746132,0.13130330616912553,0.3194180171158048,0.036279433483291615
BENITO JUAREZ,Benito Juarez,3,2018,201800,259,499073.0,-0.32246308399447776,-0.21591199495851104,-0.17515941175799932,-0.26092235700924316,-0.6397185236333903,0.015344949760055142,-0.4535839446333502,0.0,1.0528414318281993,-0.16187706771997082,0.2433030839175832,-0.41046879182857815
COYOACAN,Coyoacan,4,2018,201800,384,654098.0,-0.033997102255726205,-0.15140783600887175,-0.04402404894195824,-0.11905672206583112,-0.41922250166730674,0.0911963754269513,-0.3438192747875701,0.0,0.8088613066452458,0.07464258508112087,0.36361906014083517,-0.02800656228017055
CUAJIMALPA DE MORELOS,Cuajimalpa De Morelos,5,2018,201800,192,162203.0,0.16862419084520014,0.003069583038236036,0.10321564349111298,0.10224367540711951,-0.3000289739437864,0.32508463464315707,-0.2337410528781835,0.0,1.1041909379312096,0.22687107500061648,0.3479775343242727,0.2077021401202567
CUAUHTEMOC,Cuauhtemoc,6,2018,201800,290,470171.0,-0.04355363461253033,-0.13214809397543661,-0.05007183190326924,-0.16695580284712794,-0.28972535463771054,0.032322725645243966,-0.3117738014467077,0.0,1.0449127087752796,0.08966664131802472,0.34028364148363044,-0.03965937733938717
GUSTAVO A MADERO,Gustavo A Madero,7,2018,201800,797,1150934.0,0.09027167552956121,-0.08233997876679984,0.01633347330281927,-0.01847869164169622,-0.43396173807626587,0.0594586294362822,-0.2994715596202736,0.002858373983748851,1.0472418555076433,0.12442652249227064,0.39642607656042833,0.1344456161618659
IZTACALCO,Iztacalco,8,2018,201800,182,267371.0,0.1458148603362182,-0.07402848295110538,0.03996336813929708,0.003978159274248147,-0.3879675962266925,0.11698052644358586,-0.37473024374371194,0.0008819205742283194,0.9836433557369385,0.1560058929550512,0.4483779093469374,0.20905520875015615
IZTAPALAPA,Iztapalapa,9,2018,201800,1279,1983553.0,0.22558796824789307,-0.0042110858712124145,0.12364537813026878,0.08205301923306814,-0.27573206427560143,0.2664482417576424,-0.2602249599582164,0.0008939513557782423,0.9598932630177359,0.2843693059969126,0.5046158333051852,0.28649296666068114
LA MAGDALENA CONTRERAS,La Magdalena Contreras,10,2018,201800,145,206360.0,0.0846390364448585,0.003628797882452995,0.03980211857113782,-0.0007110333833882409,-0.4751055913180752,0.2044140474969374,-0.32350261678619885,0.0,1.0451646817796665,0.08013523566485753,0.4066267687536344,0.11142658752573172
MIGUEL HIDALGO,Miguel Hidalgo,11,2018,201800,199,358973.0,-0.06574630028669008,-0.16441195683223253,-0.1090803395544651,-0.29433510530879203,-0.434001278705365,0.060132306930008664,-0.3889693653840261,0.0,1.088834551200235,0.09544043719953588,0.3348002496009449,-0.0398566349938742
MILPA ALTA,Milpa Alta,12,2018,201800,893,82192.0,0.2813268665229827,0.04826995249192134,0.1685847569843659,0.1451931484390938,-0.2861040493542924,0.45895591093204946,-0.2841334923106872,0.0030489583787229897,0.992903211600387,0.34652203837901496,0.4847217490753358,0.34868397260567935
TLAHUAC,Tlahuac,13,2018,201800,511,691795.0,0.1367961005048244,-0.0182913728385938,0.07809642425161355,0.061198801176240054,-0.4029360318342587,0.25979112654378395,-0.2579658713925368,0.003112193454448211,1.039482603036839,0.13661356365198363,0.45525806055262036,0.17186587605104403
TLALPAN,Tlalpan,14,2018,201800,707,702887.0,0.12290406015663398,-0.03445037275480981,0.08896032072289145,0.06961098209789623,-0.3457449172025347,0.32605953810000043,-0.20738468630092746,0.0007904541792123058,0.9669397720539773,0.20442000042080302,0.4206444279094648,0.14318354474079617
VENUSTIANO CARRANZA,Venustiano Carranza,15,2018,201800,258,379746.0,0.1676923101726865,-0.033719117934548355,0.0780714155835901,0.04481940182810617,-0.29490439840346705,0.09138487768037581,-0.3102191991489048,0.0,1.0147261088822688,0.22086437748332569,0.44597770615095356,0.22123578342738565
XOCHIMILCO,Xochimilco,16,2018,201800,607,493889.0,0.16677711798093903,0.010712603142813462,0.1688921809040817,0.1968062097591564,-0.09867423980128125,0.4162734626798309,-0.20161817736373963,0.00012573674919668184,1.0410842089776104,0.21117190718615314,0.48266260232562375,0.1655134849275829
ALVARO OBREGON,Alvaro Obregon,2,2020,202000,740,901301.0,0.181647608187155,-0.027868206175299927,0.0628142642188747,0.014912570893821267,-0.3974675302832683,0.09478469505239427,-0.3317981451257682,0.0,0.896784140363743,0.22468910483772014,0.43962089246544717,0.25264388757697925
AZCAPOTZALCO,Azcapotzalco,1,2020,202000,359,469607.0,-0.026826667013898856,-0.09676942250718794,-0.04464114603906458,-0.11376397500200808,-0.48093315395265185,0.09092326172721446,-0.3826784949968804,0.0,0.833162495765142,0.08710869419682842,0.2769997040078193,-0.01618351284629062
BENITO JUAREZ,Benito Juarez,3,2020,202000,247,338081.0,-0.07064917052312907,-0.21829065744519213,-0.15366886591871473,-0.317118779707437,-0.5827342323264249,0.037584188425744125,-0.4140901144991881,0.0,0.8341722869714919,0.0500473763198701,0.27994104963011823,-0.02104954479904817
COYOACAN,Coyoacan,4,2020,202000,532,755029.0,0.013454721298871958,-0.11220350317907127,-0.035111345405961884,-0.128355061474795,-0.5640319173205957,0.12268773750308665,-0.40254281623619753,0.0,0.7605124240477016,0.1542976536768641,0.3666905509589698,0.042470230048143834
CUAJIMALPA DE MORELOS,Cuajimalpa De Morelos,5,2020,202000,325,235933.0,0.02441691056182899,-0.09126651437115199,-0.030213143079916755,-0.058080895439790114,-0.5633576215152141,0.10089486999184938,-0.4023472765573277,0.00011189616720001017,0.9399344148334188,0.07891520694980779,0.28423111646102917,0.057055315171107915
CUAUHTEMOC,Cuauhtemoc,6,2020,202000,387,479898.0,0.06191339863677907,-0.10079655672015927,0.0022678382523432074,-0.11833778714992144,-0.34522201296690963,0.05545605487039746,-0.33109744153966053,0.0,0.9198849004730921,0.23518824006787278,0.42046226489795746,0.09754828667142809
GUSTAVO A MADERO,Gustavo A Madero,7,2020,202000,867,1172630.0,0.06731171124769791,-0.07856545184782839,-0.006347751137429539,-0.0969400611013218,-0.3988227958673614,0.07112144573163147,-0.33255374670612214,0.00017567347555494912,0.8710254277985476,0.17936924349357428,0.34686367396365436,0.11131912173042477
IZTACALCO,Iztacalco,8,2020,202000,300,396562.0,0.11340088452670956,-0.025120502140727054,0.07476468557511562,0.010639840967989875,-0.32769159742452886,0.06348383108501571,-0.30804514804746796,0.0,0.8400847361545862,0.2731549307630156,0.45547984930477453,0.1364838530248032
IZTAPALAPA,Iztapalapa,9,2020,202000,1186,1571065.0,0.16323537755483,-0.015138917794882452,0.09523696546413102,0.06844287444265959,-0.33696122412265944,0.18226302985890844,-0.3113050701275886,0.0008137154880899262,0.9611454701792732,0.258303838330185,0.43764580077845283,0.20386062639007999
LA MAGDALENA CONTRERAS,La Magdalena Contreras,10,2020,202000,389,379009.0,0.205989877375751,-0.004611250230329623,0.11038879489151972,0.14746752522791806,-0.29083036891856395,0.24833177066873877,-0.3073396673957611,6.965533382056891e-05,0.9150096093269843,0.20381393030098235,0.36159827339192474,0.2631061788731719
MIGUEL HIDALGO,Miguel Hidalgo,11,2020,202000,297,388736.0,-0.02880481478042167,-0.10601856824862632,-0.029446457144699744,-0.06564496352432242,-0.486894006607582,0.041165919600839644,-0.4149679988475469,0.0,0.8350680117384035,0.08615468161062007,0.3115218297250576,-0.02842146942842442
MILPA ALTA,Milpa Alta,12,2020,202000,1008,200431.0,0.2363130303458946,0.002718417420743299,0.1561447855242652,0.10888233520498825,-0.23210382875747762,0.3725342722030524,-0.27855221996597335,0.004784688708133971,1.0516259516720916,0.3258426485919793,0.5765650024197854,0.28420907416306856
TLAHUAC,Tlahuac,13,2020,202000,317,247103.0,0.1784126634175506,-0.0425854595074038,0.08680573567405091,0.03475496602204344,-0.336252141177776,0.28561820978232155,-0.24336410322820848,0.0014924949428861648,0.8511481354673032,0.2909628204497315,0.42741286022427893,0.23314268179687417
TLALPAN,Tlalpan,14,2020,202000,1068,833606.0,0.10769131690930007,-0.022895859211652752,0.0744014928850968,0.06290205248785037,-0.3971052384831371,0.37448162261157664,-0.3513068523978954,0.00048824021849650786,0.9301081305027015,0.16694037414059162,0.39047913522695377,0.12758012483395753
VENUSTIANO CARRANZA,Venustiano Carranza,15,2020,202000,366,483273.0,0.0734788181049117,-0.039100557993223296,0.023948744627403148,-0.020438668225555727,-0.3189911520302914,0.07658034316798787,-0.3573652987028036,0.0,0.9347245548133581,0.14282955965613434,0.32550494234107846,0.10307026849566808
XOCHIMILCO,Xochimilco,16,2020,202000,655,388380.0,0.16516348019338278,-0.08145517542789277,0.033555525443956964,-0.04123762243512539,-0.46488834740236873,0.19424038316025286,-0.36247360832174674,0.0013991450863999175,0.9196647323492764,0.24840489062244447,0.43651771460940314,0.24379187507371902
